fecha_hora;potencia_w
2026-10-02 00:00;180,0
2026-10-02 00:10;220,0
2026-10-02 00:20;180,0
2026-10-02 00:30;220,0
2026-10-02 00:40;180,0
2026-10-02 00:50;220,0
2026-10-02 01:00;180,0
2026-10-02 01:10;220,0
2026-10-02 01:20;180,0
2026-10-02 01:30;220,0
2026-10-02 01:40;180,0
2026-10-02 01:50;220,0
2026-10-02 02:00;180,0
2026-10-02 02:10;220,0
2026-10-02 02:20;180,0
2026-10-02 02:30;220,0
2026-10-02 02:40;180,0
2026-10-02 02:50;220,0
2026-10-02 03:00;180,0
2026-10-02 03:10;220,0
2026-10-02 03:20;180,0
2026-10-02 03:30;220,0
2026-10-02 03:40;180,0
2026-10-02 03:50;220,0
2026-10-02 04:00;180,0
2026-10-02 04:10;220,0
2026-10-02 04:20;180,0
2026-10-02 04:30;220,0
2026-10-02 04:40;180,0
2026-10-02 04:50;220,0
2026-10-02 05:00;180,0
2026-10-02 05:10;220,0
2026-10-02 05:20;180,0
2026-10-02 05:30;220,0
2026-10-02 05:40;180,0
2026-10-02 05:50;220,0
2026-10-02 06:00;180,0
2026-10-02 06:10;220,0
2026-10-02 06:20;180,0
2026-10-02 06:30;220,0
2026-10-02 06:40;180,0
2026-10-02 06:50;220,0
2026-10-02 07:00;180,0
2026-10-02 07:10;220,0
2026-10-02 07:20;180,0
2026-10-02 07:30;220,0
2026-10-02 07:40;180,0
2026-10-02 07:50;220,0
2026-10-02 08:00;180,0
2026-10-02 08:10;220,0
2026-10-02 08:20;180,0
2026-10-02 08:30;220,0
2026-10-02 08:40;180,0
2026-10-02 08:50;220,0
2026-10-02 09:00;180,0
2026-10-02 09:10;220,0
2026-10-02 09:20;180,0
2026-10-02 09:30;220,0
2026-10-02 09:40;180,0
2026-10-02 09:50;220,0
2026-10-02 10:00;180,0
2026-10-02 10:10;220,0
2026-10-02 10:20;180,0
2026-10-02 10:30;220,0
2026-10-02 10:40;180,0
2026-10-02 10:50;220,0
2026-10-02 11:00;180,0
2026-10-02 11:10;220,0
2026-10-02 11:20;180,0
2026-10-02 11:30;220,0
2026-10-02 11:40;180,0
2026-10-02 11:50;220,0
2026-10-02 12:00;180,0
2026-10-02 12:10;220,0
2026-10-02 12:20;180,0
2026-10-02 12:30;220,0
2026-10-02 12:40;180,0
2026-10-02 12:50;220,0
2026-10-02 13:00;180,0
2026-10-02 13:10;220,0
2026-10-02 13:20;180,0
2026-10-02 13:30;220,0
2026-10-02 13:40;180,0
2026-10-02 13:50;220,0
2026-10-02 14:00;180,0
2026-10-02 14:10;220,0
2026-10-02 14:20;180,0
2026-10-02 14:30;220,0
2026-10-02 14:40;180,0
2026-10-02 14:50;220,0
2026-10-02 15:00;180,0
2026-10-02 15:10;220,0
2026-10-02 15:20;180,0
2026-10-02 15:30;220,0
2026-10-02 15:40;180,0
2026-10-02 15:50;220,0
2026-10-02 16:00;180,0
2026-10-02 16:10;220,0
2026-10-02 16:20;180,0
2026-10-02 16:30;220,0
2026-10-02 16:40;180,0
2026-10-02 16:50;220,0
2026-10-02 17:00;180,0
2026-10-02 17:10;220,0
2026-10-02 17:20;180,0
2026-10-02 17:30;220,0
2026-10-02 17:40;180,0
2026-10-02 17:50;220,0
2026-10-02 18:00;1450,0
2026-10-02 18:10;1550,0
2026-10-02 18:20;1450,0
2026-10-02 18:30;1550,0
2026-10-02 18:40;1450,0
2026-10-02 18:50;1550,0
2026-10-02 19:00;1450,0
2026-10-02 19:10;1550,0
2026-10-02 19:20;1450,0
2026-10-02 19:30;1550,0
2026-10-02 19:40;1450,0
2026-10-02 19:50;1550,0
2026-10-02 20:00;1450,0
2026-10-02 20:10;1550,0
2026-10-02 20:20;1450,0
2026-10-02 20:30;1550,0
2026-10-02 20:40;1450,0
2026-10-02 20:50;1550,0
2026-10-02 21:00;1450,0
2026-10-02 21:10;1550,0
2026-10-02 21:20;1450,0
2026-10-02 21:30;1550,0
2026-10-02 21:40;1450,0
2026-10-02 21:50;1550,0
2026-10-02 22:00;180,0
2026-10-02 22:10;220,0
2026-10-02 22:20;180,0
2026-10-02 22:30;220,0
2026-10-02 22:40;180,0
2026-10-02 22:50;220,0
2026-10-02 23:00;180,0
2026-10-02 23:10;220,0
2026-10-02 23:20;180,0
2026-10-02 23:30;220,0
2026-10-02 23:40;180,0
2026-10-02 23:50;220,0
2026-10-02 25:00;300,0
2026-10-02 12:30;-50,0
